Workbook

Sheet Attendance Data
A1: Employee ID | B1: Employee Name | C1: Department | D1: Date | E1: Attendance Status | F1: Days Present | G1: Days Absent
A2: E001 | B2: Awa Jallow | C2: IT | D2: 46307 | E2: Present | F2: =IF(E2="Present",1,0) -> 1 | G2: =IF(E2="Absent",1,0) -> 0
A3: E002 | B3: Lamin Sanyang | C3: Finance | D3: 46307 | E3: Absent | F3: =IF(E3="Present",1,0) -> 0 | G3: =IF(E3="Absent",1,0) -> 1
A4: E003 | B4: Fatou Touray | C4: HR | D4: 46307 | E4: Present | F4: =IF(E4="Present",1,0) -> 1 | G4: =IF(E4="Absent",1,0) -> 0
A5: E004 | B5: Musa Bah | C5: IT | D5: 46307 | E5: Late | F5: =IF(E5="Present",1,0) -> 0 | G5: =IF(E5="Absent",1,0) -> 0
A6: E005 | B6: Mariama Jobe | C6: Finance | D6: 46307 | E6: Present | F6: =IF(E6="Present",1,0) -> 1 | G6: =IF(E6="Absent",1,0) -> 0
A7: E006 | B7: Ebrima Ceesay | C7: HR | D7: 46307 | E7: Absent | F7: =IF(E7="Present",1,0) -> 0 | G7: =IF(E7="Absent",1,0) -> 1
A8: E007 | B8: Isatou Manneh | C8: IT | D8: 46307 | E8: Present | F8: =IF(E8="Present",1,0) -> 1 | G8: =IF(E8="Absent",1,0) -> 0
A9: E008 | B9: Omar Camara | C9: Finance | D9: 46307 | E9: Present | F9: =IF(E9="Present",1,0) -> 1 | G9: =IF(E9="Absent",1,0) -> 0
A10: E009 | B10: Binta Sanneh | C10: HR | D10: 46307 | E10: Late | F10: =IF(E10="Present",1,0) -> 0 | G10: =IF(E10="Absent",1,0) -> 0
A11: E010 | B11: Abdoulie Darboe | C11: IT | D11: 46307 | E11: Present | F11: =IF(E11="Present",1,0) -> 1 | G11: =IF(E11="Absent",1,0) -> 0

Sheet Dashboard
A1: EMPLOYEE ATTENDANCE DASHBOARD
A3: Total Employees | B3: =COUNTA('Attendance Data'!A2:A11) -> 10 | C3: Present | D3: =COUNTIF('Attendance Data'!E2:E11,"Present") -> 6 | E3: Absent | F3: =COUNTIF('Attendance Data'!E2:E11,"Absent") -> 2 | G3: Late | H3: =COUNTIF('Attendance Data'!E2:E11,"Late") -> 2
A5: Attendance Rate | B5: =IFERROR(D3/B3,0) -> 0.6 | C5: Attendance Including Late | D5: =IFERROR((D3+H3)/B3,0) -> 0.8
A7: Department | B7: Present | C7: Absent | D7: Late
A8: IT | B8: =COUNTIFS('Attendance Data'!$C$2:$C$11,$A8,'Attendance Data'!$E$2:$E$11,B$7) -> 3 | C8: =COUNTIFS('Attendance Data'!$C$2:$C$11,$A8,'Attendance Data'!$E$2:$E$11,C$7) -> 0 | D8: =COUNTIFS('Attendance Data'!$C$2:$C$11,$A8,'Attendance Data'!$E$2:$E$11,D$7) -> 1
A9: Finance | B9: =COUNTIFS('Attendance Data'!$C$2:$C$11,$A9,'Attendance Data'!$E$2:$E$11,B$7) -> 2 | C9: =COUNTIFS('Attendance Data'!$C$2:$C$11,$A9,'Attendance Data'!$E$2:$E$11,C$7) -> 1 | D9: =COUNTIFS('Attendance Data'!$C$2:$C$11,$A9,'Attendance Data'!$E$2:$E$11,D$7) -> 0
A10: HR | B10: =COUNTIFS('Attendance Data'!$C$2:$C$11,$A10,'Attendance Data'!$E$2:$E$11,B$7) -> 1 | C10: =COUNTIFS('Attendance Data'!$C$2:$C$11,$A10,'Attendance Data'!$E$2:$E$11,C$7) -> 1 | D10: =COUNTIFS('Attendance Data'!$C$2:$C$11,$A10,'Attendance Data'!$E$2:$E$11,D$7) -> 1
A11: Total | B11: =SUM(B8:B10) -> 6 | C11: =SUM(C8:C10) -> 2 | D11: =SUM(D8:D10) -> 2
